{
    "used_features": [
        "N",
        "P",
        "K",
        "pH",
        "rainfall",
        "temperature"
    ],
    "best_k": 5,
    "centroids": [
        [
            65.30979259648201,
            40.70307167235495,
            33.12733000787608,
            5.65477028091348,
            133.11642364520753,
            24.543024525647265
        ],
        [
            87.97881539126675,
            49.72654561175962,
            79.42282749675746,
            5.541469952442709,
            2415.3133549503145,
            24.28942846100285
        ],
        [
            69.13097469540769,
            41.95970009372071,
            45.32521087160262,
            5.6385707591377745,
            1115.836040768456,
            27.3667755530942
        ],
        [
            71.28119617400228,
            41.0440869278411,
            40.51379777916224,
            5.630924616117577,
            665.6510260564705,
            30.119705354199514
        ],
        [
            79.66276773507519,
            42.97888500683579,
            61.96566914780495,
            5.6471031444630215,
            1547.44513063952,
            23.84787307987978
        ]
    ],
    "silhouette_score": 0.636870296774449
}